"COUNTRY","ISO3","WHO_REGION","DATE_UPDATED","VACCINES_USED","NUMBER_VACCINES_TYPES_USED","Protection against ORIGINAL Var- SEVERE, % average","Protection against ORIGINAL Var- INFECTION, % average","Protection against LATEST var BA1.n SEVERE, % average","Protection against LATEST var BA1.n INFECTION, % average","TOTAL Population","Population Vaccinated","% Population vaccinated","% People Protected for ORGINAL SEVERE","% People Protected for ORGINAL INFECTION","% People Protected for OMICRON SEVERE","% People Protected for OMICRON INFECTION","% SUCEPTIBLE for  BREAKTHROUGH  ORGINAL SEVERE","% SUCEPTIBLE for  BREAKTHROUGH ORIGINAL  INFECTION","% SUCEPTIBLE for  BREAKTHROUGH OMICRON SEVERE","% SUCEPTIBLE for  BREAKTHROUGH OMICRON INFECTION","% Population NOT VACCINATED"
"Afghanistan","AFG","EMRO","2022-12-22 00:00:00","AstraZeneca - Vaxzevria,Beijing CNBG - BBIBP-CorV,Bharat - Covaxin,CanSino - Convidecia,Gamaleya - Gam-Covid-Vac,Gamaleya - Sputnik-Light,Janssen - Ad26.COV 2-S,Moderna - Spikevax,Pfizer BioNTech - Comirnaty,SII - Covishield,Sinovac - CoronaVac","11","83","73","61","38","41128772","11684678","28.409985107263","23.58","20.74","17.33","10.80","4.83","7.67","11.08","17.61","71.59"
"Albania","ALB","EURO","2022-12-11 00:00:00","AstraZeneca - Vaxzevria,Gamaleya - Gam-Covid-Vac,Pfizer BioNTech - Comirnaty,SII - Covishield,Sinovac - CoronaVac","5","85","69","64","37","2842318","1344582","47.305825738007","40.21","32.64","30.28","17.50","7.10","14.66","17.03","29.80","52.69"
"Algeria","DZA","AFRO","2022-09-04 00:00:00","Beijing CNBG - BBIBP-CorV,Gamaleya - Gam-Covid-Vac,SII - Covishield,Sinovac - CoronaVac","4","77","66","57","35","44903228","7840131","17.460061000514","13.44","11.52","9.95","6.11","4.02","5.94","7.51","11.35","82.54"
"American Samoa","ASM","WPRO","2022-08-23 00:00:00","Janssen - Ad26.COV 2-S,Moderna - Spikevax,Pfizer BioNTech - Comirnaty","3","93","83","67","42","44295","","0","0.00","0.00","0.00","0.00","0.00","0.00","0.00","0.00","100.00"
"Andorra","AND","EURO","2022-11-13 00:00:00","AstraZeneca - Vaxzevria,Moderna - Spikevax,Pfizer BioNTech - Comirnaty","3","95","80","72","43","79843","57901","72.51856768909","68.89","58.01","52.21","31.18","3.63","14.50","20.31","41.34","27.48"
"Angola","AGO","AFRO","2022-12-18 00:00:00","SII - Covishield","1","94","63","71","36","35588996","15079129","42.3702006092","39.83","26.69","30.08","15.25","2.54","15.68","12.29","27.12","57.63"
"Anguilla","AIA","AMRO","2022-12-16 00:00:00","AstraZeneca - Vaxzevria,Pfizer BioNTech - Comirnaty","2","95","75","72","40","15877","10853","68.356742457643","64.94","51.27","49.22","27.34","3.42","17.09","19.14","41.01","31.64"
"Antigua and Barbuda","ATG","AMRO","2022-12-16 00:00:00","AstraZeneca - Vaxzevria,Beijing CNBG - BBIBP-CorV,Gamaleya - Gam-Covid-Vac,Janssen - Ad26.COV 2-S,Pfizer BioNTech - Comirnaty,SII - Covishield","6","89","73","65","38","93772","64290","68.559911274154","61.02","50.05","44.56","26.05","7.54","18.51","24.00","42.51","31.44"
"Argentina","ARG","AMRO","2022-10-07 00:00:00","AstraZeneca - Vaxzevria,Beijing CNBG - BBIBP-CorV,CanSino - Convidecia,Gamaleya - Gam-Covid-Vac,Moderna - Spikevax,Pfizer BioNTech - Comirnaty,SII - Covishield","7","87","74","65","39","45510324","41452030","91.082695873578","79.24","67.40","59.20","35.52","11.84","23.68","31.88","55.56","8.92"
"Armenia","ARM","EURO","2022-05-22 00:00:00","AstraZeneca - Vaxzevria,Beijing CNBG - BBIBP-CorV,Gamaleya - Gam-Covid-Vac,Gamaleya - Sputnik-Light,Moderna - Spikevax,Pfizer BioNTech - Comirnaty,Sinovac - CoronaVac,Wuhan CNBG - Inactivated","8","74","66","55","34","2780472","1129669","40.628677433184","30.07","26.81","22.35","13.81","10.56","13.81","18.28","26.81","59.37"
"Aruba","ABW","AMRO","2022-12-16 00:00:00","Janssen - Ad26.COV 2-S,Pfizer BioNTech - Comirnaty","2","91","79","65","39","106459","90243","84.767844898036","77.14","66.97","55.10","33.06","7.63","17.80","29.67","51.71","15.23"
"Australia","AUS","WPRO","2022-11-23 00:00:00","AstraZeneca - Vaxzevria,Janssen - Ad26.COV 2-S,Moderna - Spikevax,Novavax-NUVAXOVID,Pfizer BioNTech - Comirnaty","5","74","63","55","32","26177410","22236698","84.946134854441","62.86","53.52","46.72","27.18","22.09","31.43","38.23","57.76","15.05"
"Austria","AUT","EURO","2022-12-11 00:00:00","AstraZeneca - Vaxzevria,Janssen - Ad26.COV 2-S,Moderna - Spikevax,Moderna â€“ Spikevax Bivalent Original/Omicron BA.1,Novavax-NUVAXOVID,Pfizer BioNTech - Comirnaty,Pfizer BioNTech - Comirnaty Bivalent Original/Omicron BA.1,Pfizer BioNTech - Comirnaty Bivalent Original/Omicron BA.4/BA.5,Unknown Vaccine,Valneva - VLA2001","10","66","58","49","30","8939617","6895915","77.13881925814","50.91","44.74","37.80","23.14","26.23","32.40","39.34","54.00","22.86"
"Azerbaijan","AZE","EURO","2022-12-11 00:00:00","AstraZeneca - Vaxzevria,Gamaleya - Gam-Covid-Vac,Gamaleya - Sputnik-Light,Pfizer BioNTech - Comirnaty,Sinovac - CoronaVac","5","85","74","63","38","10358078","5373253","51.875000362036","44.09","38.39","32.68","19.71","7.78","13.49","19.19","32.16","48.12"
"Bahamas","BHS","AMRO","2022-12-16 00:00:00","AstraZeneca - Vaxzevria,Janssen - Ad26.COV 2-S,Pfizer BioNTech - Comirnaty,SII - Covishield","4","92","71","68","37","409989","174147","42.476017649254","39.08","30.16","28.88","15.72","3.40","12.32","13.59","26.76","57.52"
"Bahrain","BHR","EMRO","2022-12-21 00:00:00","AstraZeneca - Vaxzevria,Beijing CNBG - BBIBP-CorV,Bharat - Covaxin,CanSino - Convidecia,Gamaleya - Gam-Covid-Vac,Gamaleya - Sputnik-Light,Janssen - Ad26.COV 2-S,Moderna - Spikevax,Pfizer BioNTech - Comirnaty,SII - Covishield,Sinovac - CoronaVac","11","83","73","61","38","1472237","1241174","84.305312256111","69.97","61.54","51.43","32.04","14.33","22.76","32.88","52.27","15.69"
"Bangladesh","BGD","SEARO","2022-12-20 00:00:00","AstraZeneca - Vaxzevria,Beijing CNBG - BBIBP-CorV,Gamaleya - Gam-Covid-Vac,Janssen - Ad26.COV 2-S,Moderna - Spikevax,Pfizer BioNTech - Comirnaty,SII - Covishield,Sinovac - CoronaVac","8","85","72","63","38","171186368","150956628","88.182622111592","74.96","63.49","55.56","33.51","13.23","24.69","32.63","54.67","11.82"
"Barbados","BRB","AMRO","2022-12-16 00:00:00","AstraZeneca - Vaxzevria,Beijing CNBG - BBIBP-CorV,Janssen - Ad26.COV 2-S,Pfizer BioNTech - Comirnaty,SII - Covishield","5","88","70","65","37","281646","163833","58.169830212394","51.19","40.72","37.81","21.52","6.98","17.45","20.36","36.65","41.83"
"Belarus","BLR","EURO","2022-12-04 00:00:00","Beijing CNBG - BBIBP-CorV,Chumakov - Covi-Vac,Gamaleya - Gam-Covid-Vac,Gamaleya - Sputnik-Light","4","64","60","47","31","9534956","6527591","68.459581774683","43.81","41.08","32.18","21.22","24.65","27.38","36.28","47.24","31.54"
"Belgium","BEL","EURO","2022-12-11 00:00:00","AstraZeneca - Vaxzevria,Janssen - Ad26.COV 2-S,Moderna - Spikevax,Pfizer BioNTech - Comirnaty","4","93","78","68","40","11655923","9265134","79.488634233428","73.92","62.00","54.05","31.80","5.56","17.49","25.44","47.69","20.51"
"Belize","BLZ","AMRO","2022-12-16 00:00:00","AstraZeneca - Vaxzevria,Beijing CNBG - BBIBP-CorV,Janssen - Ad26.COV 2-S,Pfizer BioNTech - Comirnaty,SII - Covishield","5","88","70","65","37","405285","251890","62.151325610373","54.69","43.51","40.40","23.00","7.46","18.65","21.75","39.16","37.85"
"Benin","BEN","AFRO","2022-12-18 00:00:00","AstraZeneca - Vaxzevria,Janssen - Ad26.COV 2-S,Pfizer BioNTech - Comirnaty,SII - Covishield,Sinovac - CoronaVac","5","84","66","62","35","13352864","3697190","27.688367079901","23.26","18.27","17.17","9.69","4.43","9.41","10.52","18.00","72.31"
"Bermuda","BMU","AMRO","2022-12-16 00:00:00","AstraZeneca - Vaxzevria,Moderna - Spikevax,Pfizer BioNTech - Comirnaty","3","95","80","72","43","64207","48554","75.621038204557","71.84","60.50","54.45","32.52","3.78","15.12","21.17","43.10","24.38"
"Bhutan","BTN","SEARO","2022-10-30 00:00:00","AstraZeneca - Vaxzevria,Beijing CNBG - BBIBP-CorV,Moderna - Spikevax,Pfizer BioNTech - Comirnaty,SII - Covishield","5","91","74","68","40","782457","699116","89.348807666108","81.31","66.12","60.76","35.74","8.04","23.23","28.59","53.61","10.65"
"Bolivia (Plurinational State of)","BOL","AMRO","2022-12-16 00:00:00","AstraZeneca - Vaxzevria,Beijing CNBG - BBIBP-CorV,Gamaleya - Gam-Covid-Vac,Janssen - Ad26.COV 2-S,Moderna - Spikevax,Pfizer BioNTech - Comirnaty,SII - Covishield","7","90","76","66","39","12224114","7361008","60.217108577358","54.20","45.77","39.74","23.48","6.02","14.45","20.47","36.73","39.78"
"Bonaire","XAA","AMRO","2022-12-16 00:00:00","Moderna, Pfizer/BioNTech","2","96","89","73","48","27052","19109","70.638030459855","67.81","62.87","51.57","33.91","2.83","7.77","19.07","36.73","29.36"
"Bonaire, Sint Eustatius and Saba","BES","AMRO","2021-09-01 00:00:00","Moderna - mRNA-1273, Pfizer BioNTech - Comirnaty","2","96","89","73","46","27052","19109","70.638030459855","67.81","62.87","51.57","32.49","2.83","7.77","19.07","38.14","29.36"
"Bosnia and Herzegovina","BIH","EURO","2022-01-29 00:00:00","AstraZeneca - AZD1222, Pfizer BioNTech - Comirnaty, Sinovac - CoronaVac, Gamaleya - Sputnik V","4","83","71","62","37","3233530","943394","29.1753594369","24.22","20.71","18.09","10.79","4.96","8.46","11.09","18.38","70.82"
"Botswana","BWA","AFRO","2022-12-18 00:00:00","Bharat - Covaxin,Janssen - Ad26.COV 2-S,Moderna - Spikevax,Pfizer BioNTech - Comirnaty,SII - Covishield,Sinovac - CoronaVac","6","83","72","61","37","2630300","1691984","64.326654754211","53.39","46.32","39.24","23.80","10.94","18.01","25.09","40.53","35.67"
"Brazil","BRA","AMRO","2022-12-16 00:00:00","AstraZeneca - Vaxzevria,Janssen - Ad26.COV 2-S,Pfizer BioNTech - Comirnaty,SII - Covishield,Sinovac - CoronaVac","5","84","66","62","35","215313504","189087256","87.819506202454","73.77","57.96","54.45","30.74","14.05","29.86","33.37","57.08","12.18"
"British Virgin Islands","VGB","AMRO","2022-12-16 00:00:00","AstraZeneca - Vaxzevria,Janssen - Ad26.COV 2-S","2","90","68","64","35","31332","19466","62.12817566705","55.92","42.25","39.76","21.74","6.21","19.88","22.37","40.38","37.87"
"Brunei Darussalam","BRN","WPRO","2022-11-25 00:00:00","AstraZeneca - Vaxzevria,Beijing CNBG - BBIBP-CorV,Janssen - Ad26.COV 2-S,Moderna - Spikevax,Pfizer BioNTech - Comirnaty","5","89","76","65","39","449002","450788","100.3977710567","89.35","76.30","65.26","39.16","11.04","24.10","35.14","61.24","-0.40"
"Bulgaria","BGR","EURO","2022-12-11 00:00:00","AstraZeneca - Vaxzevria,Janssen - Ad26.COV 2-S,Moderna - Spikevax,Pfizer BioNTech - Comirnaty","4","93","78","68","40","6781955","2106111","31.054629527916","28.88","24.22","21.12","12.42","2.17","6.83","9.94","18.63","68.95"
"Burkina Faso","BFA","AFRO","2022-11-27 00:00:00","Beijing CNBG - BBIBP-CorV,Janssen - Ad26.COV 2-S,SII - Covishield","3","84","68","60","35","22673764","4366726","19.258937333916","16.18","13.10","11.56","6.74","3.08","6.16","7.70","12.52","80.74"
"Burundi","BDI","AFRO","2022-12-18 00:00:00","Beijing CNBG - BBIBP-CorV","1","73","68","53","35","12889583","31292","0.24276968463604","0.18","0.17","0.13","0.08","0.07","0.08","0.11","0.16","99.76"
"Cabo Verde","CPV","AFRO","2022-09-25 00:00:00","Beijing CNBG - BBIBP-CorV,Moderna - Spikevax,Pfizer BioNTech - Comirnaty,SII - Covishield","4","90","77","67","41","593162","356734","60.141074445093","54.13","46.31","40.29","24.66","6.01","13.83","19.85","35.48","39.86"
"Cambodia","KHM","WPRO","2022-12-16 00:00:00","AstraZeneca - Vaxzevria,Beijing CNBG - BBIBP-CorV,Janssen - Ad26.COV 2-S,Moderna - Spikevax,Pfizer BioNTech - Comirnaty,SII - Covishield,Sinovac - CoronaVac","7","84","70","62","37","16767851","15254468","90.974496374043","76.42","63.68","56.40","33.66","14.56","27.29","34.57","57.31","9.03"
"Cameroon","CMR","AFRO","2022-12-18 00:00:00","Beijing CNBG - BBIBP-CorV,Janssen - Ad26.COV 2-S,Pfizer BioNTech - Comirnaty,SII - Covishield","4","87","72","63","37","27914542","3666816","13.135863020787","11.43","9.46","8.28","4.86","1.71","3.68","4.86","8.28","86.86"
"Canada","CAN","AMRO","2022-12-16 00:00:00","AstraZeneca - Vaxzevria,Janssen - Ad26.COV 2-S,Moderna - Spikevax,Pfizer BioNTech - Comirnaty,SII - Covishield","5","93","75","69","39","38454328","34763194","90.401252103534","84.07","67.80","62.38","35.26","6.33","22.60","28.02","55.14","9.60"
"Cayman Islands","CYM","AMRO","2022-12-16 00:00:00","Pfizer BioNTech - Comirnaty","1","95","86","72","44","68722","61859","90.013387270452","85.51","77.41","64.81","39.61","4.50","12.60","25.20","50.41","9.99"
"Central African Republic","CAF","AFRO","2022-12-18 00:00:00","Bharat - Covaxin,SII - Covishield","2","86","68","64","37","5579148","2252721","40.377509254101","34.72","27.46","25.84","14.94","5.65","12.92","14.54","25.44","59.62"
"Chad","TCD","AFRO","2022-12-11 00:00:00","Beijing CNBG - BBIBP-CorV","1","73","68","53","35","17723312","6208632","35.030879104312","25.57","23.82","18.57","12.26","9.46","11.21","16.46","22.77","64.97"
"Chile","CHL","AMRO","2022-12-16 00:00:00","AstraZeneca - Vaxzevria,CanSino - Convidecia,Moderna - Spikevax,Pfizer BioNTech - Comirnaty,Sinovac - CoronaVac","5","80","70","60","37","19603736","18087979","92.268019728484","73.81","64.59","55.36","34.14","18.45","27.68","36.91","58.13","7.73"
"China","CHN","WPRO","2022-11-29 00:00:00","Anhui ZL - Zifivax,Beijing CNBG - BBIBP-CorV,CanSino - Convidecia,IMB - Covidful,Pfizer BioNTech - Comirnaty,Shenzhen - LV-SMENP-DC,Sinovac - CoronaVac,Wuhan CNBG - Inactivated","8","36","33","26","17","1425887360","1310267000","91.891339860113","33.08","30.32","23.89","15.62","58.81","61.57","68.00","76.27","8.11"
"Colombia","COL","AMRO","2022-12-16 00:00:00","AstraZeneca - Vaxzevria,Janssen - Ad26.COV 2-S,Moderna - Spikevax,Pfizer BioNTech - Comirnaty,Sinovac - CoronaVac","5","84","72","62","37","51874028","42959468","82.814984022448","69.56","59.63","51.35","30.64","13.25","23.19","31.47","52.17","17.19"
"Comoros","COM","AFRO","2022-10-02 00:00:00","Beijing CNBG - BBIBP-CorV,Bharat - Covaxin,SII - Covishield","3","82","68","60","36","836783","438825","52.441911463307","43.00","35.66","31.47","18.88","9.44","16.78","20.98","33.56","47.56"
"Congo","COG","AFRO","2022-07-31 00:00:00","Beijing CNBG - BBIBP-CorV,Gamaleya - Gam-Covid-Vac,Moderna - Spikevax,SII - Covishield","4","89","77","66","41","5970430","695760","11.65343199736","10.37","8.97","7.69","4.78","1.28","2.68","3.96","6.88","88.35"
"Cook Islands","COK","WPRO","2022-05-10 00:00:00","Pfizer BioNTech - Comirnaty","1","95","86","72","44","17032","15084","88.562705495538","84.13","76.16","63.77","38.97","4.43","12.40","24.80","49.60","11.44"
"Costa Rica","CRI","AMRO","2022-12-16 00:00:00","AstraZeneca - Vaxzevria,Moderna - Spikevax,Pfizer BioNTech - Comirnaty","3","95","80","72","43","5180836","4605172","88.888588637046","84.44","71.11","64.00","38.22","4.44","17.78","24.89","50.67","11.11"
"CÃ´te dâ€™Ivoire","CIV","AFRO","2022-12-18 00:00:00","Beijing CNBG - BBIBP-CorV,Gamaleya - Gam-Covid-Vac,Janssen - Ad26.COV 2-S,Pfizer BioNTech - Comirnaty,SII - Covishield","5","88","75","64","38","28160548","13388664","47.544046372961","41.84","35.66","30.43","18.07","5.71","11.89","17.12","29.48","52.46"
"Croatia","HRV","EURO","2022-10-23 00:00:00","AstraZeneca - Vaxzevria,Janssen - Ad26.COV 2-S,Moderna - Spikevax,Novavax-NUVAXOVID,Pfizer BioNTech - Comirnaty,Unknown Vaccine","6","62","52","46","27","4030361","2321052","57.589183698433","35.71","29.95","26.49","15.55","21.88","27.64","31.10","42.04","42.41"
"Cuba","CUB","AMRO","2022-12-16 00:00:00","CIGB - CIGB-66,Finlay - Soberana Plus,Finlay - Soberana-02","3","0","0","0","0","11212198","10725175","95.65631109975","0.00","0.00","0.00","0.00","95.66","95.66","95.66","95.66","4.34"
"CuraÃ§ao","CUW","AMRO","2022-12-16 00:00:00","AstraZeneca - Vaxzevria,Moderna - Spikevax,Pfizer BioNTech - Comirnaty","3","95","80","72","43","191173","108601","56.807708201472","53.97","45.45","40.90","24.43","2.84","11.36","15.91","32.38","43.19"
"Cyprus","CYP","EURO","2022-12-11 00:00:00","AstraZeneca - Vaxzevria,Janssen - Ad26.COV 2-S,Moderna - Spikevax,Novavax-NUVAXOVID,Pfizer BioNTech - Comirnaty","5","74","63","55","32","896007","670969","74.884348001746","55.41","47.18","41.19","23.96","19.47","27.71","33.70","50.92","25.12"
"Czechia","CZE","EURO","2022-12-11 00:00:00","AstraZeneca - Vaxzevria,Janssen - Ad26.COV 2-S,Moderna - Spikevax,Novavax-NUVAXOVID,Pfizer BioNTech - Comirnaty,Pfizer BioNTech - Comirnaty Bivalent Original/Omicron BA.1,Pfizer BioNTech - Comirnaty Bivalent Original/Omicron BA.4/BA.5","7","80","69","60","36","10493990","6977754","66.492859246102","53.19","45.88","39.90","23.94","13.30","20.61","26.60","42.56","33.51"
"Democratic Republic of the Congo","COD","AFRO","2022-12-11 00:00:00","SII - Covishield","1","94","63","71","36","5970430","695760","11.65343199736","10.95","7.34","8.27","4.20","0.70","4.31","3.38","7.46","88.35"
"Denmark","DNK","EURO","2022-12-11 00:00:00","AstraZeneca - Vaxzevria,Janssen - Ad26.COV 2-S,Moderna - Spikevax,Pfizer BioNTech - Comirnaty,Unknown Vaccine","5","74","63","55","32","5882259","4790321","81.436757545018","60.26","51.31","44.79","26.06","21.17","30.13","36.65","55.38","18.56"
"Djibouti","DJI","EMRO","2022-12-07 00:00:00","AstraZeneca - Vaxzevria,Beijing CNBG - BBIBP-CorV,Bharat - Covaxin,CanSino - Convidecia,Gamaleya - Gam-Covid-Vac,Gamaleya - Sputnik-Light,Janssen - Ad26.COV 2-S,Moderna - Spikevax,Pfizer BioNTech - Comirnaty,SII - Covishield,Sinovac - CoronaVac","11","83","73","61","38","1120851","317428","28.320267368276","23.51","20.67","17.28","10.76","4.81","7.65","11.04","17.56","71.68"
"Dominica","DMA","AMRO","2022-12-16 00:00:00","AstraZeneca - Vaxzevria,Beijing CNBG - BBIBP-CorV,Moderna - Spikevax,Pfizer BioNTech - Comirnaty,SII - Covishield","5","91","74","68","40","72758","32995","45.348965062261","41.27","33.56","30.84","18.14","4.08","11.79","14.51","27.21","54.65"
"Dominican Republic","DOM","AMRO","2022-12-16 00:00:00","AstraZeneca - Vaxzevria,SII - Covishield,Sinovac - CoronaVac","3","79","58","60","32","11228821","7305984","65.064569111931","51.40","37.74","39.04","20.82","13.66","27.33","26.03","44.24","34.94"
"Ecuador","ECU","AMRO","2022-12-16 00:00:00","AstraZeneca - Vaxzevria,CanSino - Convidecia,Pfizer BioNTech - Comirnaty,Sinovac - CoronaVac","4","76","65","57","34","18001002","15325894","85.139116144757","64.71","55.34","48.53","28.95","20.43","29.80","36.61","56.19","14.86"
"Egypt","EGY","EMRO","2022-12-18 00:00:00","AstraZeneca - Vaxzevria,Beijing CNBG - BBIBP-CorV,Bharat - Covaxin,CanSino - Convidecia,Gamaleya - Gam-Covid-Vac,Gamaleya - Sputnik-Light,Janssen - Ad26.COV 2-S,Moderna - Spikevax,Pfizer BioNTech - Comirnaty,Sinovac - CoronaVac","10","82","74","60","38","110990096","53850471","48.518266891129","39.78","35.90","29.11","18.44","8.73","12.61","19.41","30.08","51.48"
"El Salvador","SLV","AMRO","2022-12-16 00:00:00","AstraZeneca - Vaxzevria,Beijing CNBG - BBIBP-CorV,Moderna - Spikevax,Pfizer BioNTech - Comirnaty,SII - Covishield,Sinovac - CoronaVac","6","84","70","63","37","6336393","4652597","73.426585125007","61.68","51.40","46.26","27.17","11.75","22.03","27.17","46.26","26.57"
"Equatorial Guinea","GNQ","AFRO","2022-07-24 00:00:00","Beijing CNBG - BBIBP-CorV,Sinovac - CoronaVac","2","62","58","45","30","1674916","270109","16.126719190694","10.00","9.35","7.26","4.84","6.13","6.77","8.87","11.29","83.87"
"Eritrea","ERI","AFRO","2022-07-03 00:00:00","","","","","","","3684041","","0","0.00","0.00","0.00","0.00","0.00","0.00","0.00","0.00","100.00"
"Estonia","EST","EURO","2022-12-11 00:00:00","AstraZeneca - Vaxzevria,Janssen - Ad26.COV 2-S,Moderna - Spikevax,Moderna â€“ Spikevax Bivalent Original/Omicron BA.1,Novavax-NUVAXOVID,Pfizer BioNTech - Comirnaty,Pfizer BioNTech - Comirnaty Bivalent Original/Omicron BA.1,Pfizer BioNTech - Comirnaty Bivalent Original/Omicron BA.4/BA.5","8","82","72","61","37","1326064","868944","65.528058977546","53.73","47.18","39.97","24.25","11.80","18.35","25.56","41.28","34.47"
"Eswatini","SWZ","AFRO","2022-12-11 00:00:00","Janssen - Ad26.COV 2-S,Pfizer BioNTech - Comirnaty,SII - Covishield","3","92","74","67","38","1201680","507582","42.239364889155","38.86","31.26","28.30","16.05","3.38","10.98","13.94","26.19","57.76"
"Ethiopia","ETH","AFRO","2022-07-31 00:00:00","Beijing CNBG - BBIBP-CorV,Bharat - Covaxin,Janssen - Ad26.COV 2-S,SII - Covishield","4","83","69","60","36","123379928","43111242","34.941860235159","29.00","24.11","20.97","12.58","5.94","10.83","13.98","22.36","65.06"
"Falkland Islands (Malvinas)","FLK","AMRO","2022-06-21 00:00:00","AstraZeneca - AZD1222","1","94","63","71","36","3801","2632","69.244935543278","65.09","43.62","49.16","24.93","4.15","25.62","20.08","44.32","30.76"
"Faroe Islands","FRO","EURO","2022-02-18 00:00:00","Moderna - mRNA-1273, Pfizer BioNTech - Comirnaty","2","96","89","73","46","53117","41715","78.534179264642","75.39","69.90","57.33","36.13","3.14","8.64","21.20","42.41","21.47"
"Fiji","FJI","WPRO","2022-11-03 00:00:00","AstraZeneca - Vaxzevria,Moderna - Spikevax,SII - Covishield","3","95","73","72","40","3801","2632","69.244935543278","65.78","50.55","49.86","27.70","3.46","18.70","19.39","41.55","30.76"
"Finland","FIN","EURO","2022-12-11 00:00:00","AstraZeneca - Vaxzevria,Janssen - Ad26.COV 2-S,Moderna - Spikevax,Pfizer BioNTech - Comirnaty,Unknown Vaccine","5","74","63","55","32","5540745","4524351","81.656004743044","60.43","51.44","44.91","26.13","21.23","30.21","36.75","55.53","18.34"
"France","FRA","EURO","2022-12-11 00:00:00","AstraZeneca - Vaxzevria,Janssen - Ad26.COV 2-S,Moderna - Spikevax,Novavax-NUVAXOVID,Pfizer BioNTech - Comirnaty,Unknown Vaccine","6","62","52","46","27","67813000","54649808","80.588984413018","49.97","41.91","37.07","21.76","30.62","38.68","43.52","58.83","19.41"
"French Guiana","GUF","AMRO","2022-12-16 00:00:00","Moderna - Spikevax,Pfizer BioNTech - Comirnaty","2","96","89","73","46","13859349","6087292","43.921918699067","42.17","39.09","32.06","20.20","1.76","4.83","11.86","23.72","56.08"
"French Polynesia","PYF","WPRO","2022-09-30 00:00:00","Janssen - Ad26.COV 2-S,Pfizer BioNTech - Comirnaty","2","91","79","65","39","306292","190908","62.32875817847","56.72","49.24","40.51","24.31","5.61","13.09","21.82","38.02","37.67"
"Gabon","GAB","AFRO","2022-11-27 00:00:00","Beijing CNBG - BBIBP-CorV,Gamaleya - Gam-Covid-Vac,Pfizer BioNTech - Comirnaty","3","87","80","64","41","2388997","311040","13.019689853106","11.33","10.42","8.33","5.34","1.69","2.60","4.69","7.68","86.98"
"Gambia","GMB","AFRO","2022-11-13 00:00:00","Beijing CNBG - BBIBP-CorV,SII - Covishield","2","84","66","62","36","2705995","548701","20.27723628462","17.03","13.38","12.57","7.30","3.24","6.89","7.71","12.98","79.72"
"Georgia","GEO","EURO","2022-11-27 00:00:00","AstraZeneca - Vaxzevria,Beijing CNBG - BBIBP-CorV,Pfizer BioNTech - Comirnaty,Sinovac - CoronaVac","4","78","66","58","35","3744385","1654504","44.186268238976","34.47","29.16","25.63","15.47","9.72","15.02","18.56","28.72","55.81"
"Germany","DEU","EURO","2022-12-11 00:00:00","AstraZeneca - Vaxzevria,Janssen - Ad26.COV 2-S,Moderna - Spikevax,Moderna â€“ Spikevax Bivalent Original/Omicron  - Generic,Novavax-NUVAXOVID,Pfizer BioNTech - Comirnaty,Pfizer BioNTech - Comirnaty Bivalent Original/Omicron - Generic,Unknown Vaccine,Valneva - VLA2001","9","63","55","46","28","83369840","64870211","77.810166122425","49.02","42.80","35.79","21.79","28.79","35.01","42.02","56.02","22.19"
"Ghana","GHA","AFRO","2022-12-11 00:00:00","Gamaleya - Gam-Covid-Vac,SII - Covishield","2","93","75","69","40","33475870","12853113","38.395157467155","35.71","28.80","26.49","15.36","2.69","9.60","11.90","23.04","61.60"
"Gibraltar","GIB","EURO","2022-12-16 00:00:00","AstraZeneca - AZD1222, Pfizer BioNTech - Comirnaty","2","95","75","72","40","32677","42175","129.06631575726","122.61","96.80","92.93","51.63","6.45","32.27","36.14","77.44","-29.07"
"Greece","GRC","EURO","2022-12-11 00:00:00","AstraZeneca - Vaxzevria,Janssen - Ad26.COV 2-S,Moderna - Spikevax,Novavax-NUVAXOVID,Pfizer BioNTech - Comirnaty,Pfizer BioNTech - Comirnaty Bivalent Original/Omicron BA.1,Pfizer BioNTech - Comirnaty Bivalent Original/Omicron BA.4/BA.5","7","80","69","60","36","10384972","7933490","76.393946945644","61.12","52.71","45.84","27.50","15.28","23.68","30.56","48.89","23.61"
"Greenland","GRL","EURO","2022-03-14 00:00:00","Moderna - mRNA-1273","1","97","92","73","48","56494","41227","72.975891245088","70.79","67.14","53.27","35.03","2.19","5.84","19.70","37.95","27.02"
"Grenada","GRD","AMRO","2022-12-16 00:00:00","AstraZeneca - Vaxzevria,Janssen - Ad26.COV 2-S,Moderna - Spikevax,Pfizer BioNTech - Comirnaty,SII - Covishield","5","93","75","69","39","125459","44180","35.214691652253","32.75","26.41","24.30","13.73","2.47","8.80","10.92","21.48","64.79"
"Guadeloupe","GLP","AMRO","2022-12-16 00:00:00","AstraZeneca - Vaxzevria,Janssen - Ad26.COV 2-S,Moderna - Spikevax,Novavax-NUVAXOVID,Pfizer BioNTech - Comirnaty","7","53","45","39","23","171783","","0","0.00","0.00","0.00","0.00","0.00","0.00","0.00","0.00","100.00"
"Guam","GUM","WPRO","2022-08-23 00:00:00","Janssen - Ad26.COV 2-S,Moderna - Spikevax,Pfizer BioNTech - Comirnaty","3","93","83","67","42","171783","","0","0.00","0.00","0.00","0.00","0.00","0.00","0.00","0.00","100.00"
"Guatemala","GTM","AMRO","2022-12-16 00:00:00","AstraZeneca - Vaxzevria,Gamaleya - Gam-Covid-Vac,Moderna - Spikevax,Pfizer BioNTech - Comirnaty,SII - Covishield","5","94","78","71","42","17843914","8893019","49.837827059691","46.85","38.87","35.38","20.93","2.99","10.96","14.45","28.91","50.16"
"Guernsey","GGY","EURO","2022-12-19 00:00:00","Moderna - mRNA-1273, AstraZeneca - AZD1222, Pfizer BioNTech - Comirnaty","3","95","80","72","43","63329","54223","85.621121445152","81.34","68.50","61.65","36.82","4.28","17.12","23.97","48.80","14.38"
"Guinea","GIN","AFRO","2022-12-04 00:00:00","Beijing CNBG - BBIBP-CorV,Gamaleya - Gam-Covid-Vac,Janssen - Ad26.COV 2-S,Pfizer BioNTech - Comirnaty,SII - Covishield,Sinovac - CoronaVac","6","82","70","60","36","13859349","6087292","43.921918699067","36.02","30.75","26.35","15.81","7.91","13.18","17.57","28.11","56.08"
"Guinea-Bissau","GNB","AFRO","2022-12-04 00:00:00","Beijing CNBG - BBIBP-CorV,SII - Covishield","2","84","66","62","36","2105580","640393","30.414090179428","25.55","20.07","18.86","10.95","4.87","10.34","11.56","19.47","69.59"
"Guyana","GUY","AMRO","2022-12-16 00:00:00","AstraZeneca - Vaxzevria,Beijing CNBG - BBIBP-CorV,Gamaleya - Gam-Covid-Vac,Janssen - Ad26.COV 2-S,Moderna - Spikevax,Pfizer BioNTech - Comirnaty,SII - Covishield","7","90","76","66","39","808727","493404","61.009957624761","54.91","46.37","40.27","23.79","6.10","14.64","20.74","37.22","38.99"
"Haiti","HTI","AMRO","2022-12-16 00:00:00","Janssen - Ad26.COV 2-S,Moderna - Spikevax","2","92","82","65","41","11585003","406534","3.5091402220612","3.23","2.88","2.28","1.44","0.28","0.63","1.23","2.07","96.49"
"Honduras","HND","AMRO","2022-12-16 00:00:00","AstraZeneca - Vaxzevria,Gamaleya - Gam-Covid-Vac,Janssen - Ad26.COV 2-S,Moderna - Spikevax,Pfizer BioNTech - Comirnaty,SII - Covishield","6","93","77","69","40","10432858","6479241","62.104180848623","57.76","47.82","42.85","24.84","4.35","14.28","19.25","37.26","37.90"
"Hungary","HUN","EURO","2022-12-11 00:00:00","AstraZeneca - Vaxzevria,Beijing CNBG - BBIBP-CorV,Gamaleya - Gam-Covid-Vac,Janssen - Ad26.COV 2-S,Moderna - Spikevax,Pfizer BioNTech - Comirnaty,Pfizer BioNTech - Comirnaty Bivalent Original/Omicron BA.1,Sinovac - CoronaVac","8","85","75","63","39","9967304","6420813","64.418753556629","54.76","48.31","40.58","25.12","9.66","16.10","23.83","39.30","35.58"
"Iceland","ISL","EURO","2022-12-04 00:00:00","AstraZeneca - Vaxzevria,Janssen - Ad26.COV 2-S,Moderna - Spikevax,Novavax-NUVAXOVID,Pfizer BioNTech - Comirnaty","5","74","63","55","32","372903","309770","83.0698599904","61.47","52.33","45.69","26.58","21.60","30.74","37.38","56.49","16.93"
"India","IND","SEARO","2022-12-21 00:00:00","Bharat - Covaxin,Biological E - Corbevax,Gamaleya - Gam-Covid-Vac,Janssen - Ad26.COV 2-S,Moderna - Spikevax,SII - Covishield,SII - Covovax,Zydus - ZyCov-D","8","68","56","50","29","1417173120","1027346076","72.492630681564","49.29","40.60","36.25","21.02","23.20","31.90","36.25","51.47","27.51"
"Indonesia","IDN","SEARO","2022-12-20 00:00:00","AstraZeneca - Vaxzevria,Beijing CNBG - BBIBP-CorV,Janssen - Ad26.COV 2-S,Moderna - Spikevax,Novavax-NUVAXOVID,Pfizer BioNTech - Comirnaty,Sinovac - CoronaVac","7","71","61","52","31","275501344","203657535","73.922519593952","52.48","45.09","38.44","22.92","21.44","28.83","35.48","51.01","26.08"
"Iran (Islamic Republic of)","IRN","EMRO","2022-12-22 00:00:00","AstraZeneca - Vaxzevria,Beijing CNBG - BBIBP-CorV,Bharat - Covaxin,CanSino - Convidecia,Finlay - Soberana-02,Gamaleya - Gam-Covid-Vac,Gamaleya - Sputnik-Light,Janssen - Ad26.COV 2-S,Moderna - Spikevax,Pfizer BioNTech - Comirnaty,Shifa - COVIran Barakat,Sinovac - CoronaVac","12","69","61","50","32","88550568","65150916","73.574814336595","50.77","44.88","36.79","23.54","22.81","28.69","36.79","50.03","26.43"
"Iraq","IRQ","EMRO","2022-12-22 00:00:00","AstraZeneca - Vaxzevria,Beijing CNBG - BBIBP-CorV,Bharat - Covaxin,CanSino - Convidecia,Gamaleya - Gam-Covid-Vac,Gamaleya - Sputnik-Light,Janssen - Ad26.COV 2-S,Moderna - Spikevax,Pfizer BioNTech - Comirnaty,Sinovac - CoronaVac","10","82","74","60","38","44496124","11332925","25.469465610083","20.88","18.85","15.28","9.68","4.58","6.62","10.19","15.79","74.53"
"Ireland","IRL","EURO","2022-12-11 00:00:00","AstraZeneca - Vaxzevria,Janssen - Ad26.COV 2-S,Moderna - Spikevax,Novavax-NUVAXOVID,Pfizer BioNTech - Comirnaty","5","74","63","55","32","5023108","4107220","81.766507907057","60.51","51.51","44.97","26.17","21.26","30.25","36.79","55.60","18.23"
"Isle of Man","IMN","EURO","2022-06-23 00:00:00","Moderna - mRNA-1273, AstraZeneca - AZD1222, Pfizer BioNTech - Comirnaty","3","95","80","72","43","84534","69560","82.286417299548","78.17","65.83","59.25","35.38","4.11","16.46","23.04","46.90","17.71"
"Israel","ISR","EURO","2022-06-05 00:00:00","AstraZeneca - Vaxzevria,Moderna - Spikevax,Pfizer BioNTech - Comirnaty","3","95","80","72","43","9449000","6722139","71.141274208911","67.58","56.91","51.22","30.59","3.56","14.23","19.92","40.55","28.86"
"Italy","ITA","EURO","2022-12-11 00:00:00","AstraZeneca - Vaxzevria,Janssen - Ad26.COV 2-S,Moderna - Spikevax,Moderna â€“ Spikevax Bivalent Original/Omicron BA.1,Novavax-NUVAXOVID,Pfizer BioNTech - Comirnaty,Pfizer BioNTech - Comirnaty Bivalent Original/Omicron BA.1,Pfizer BioNTech - Comirnaty Bivalent Original/Omicron BA.4/BA.5","8","82","72","61","37","59037472","50873342","86.171274406872","70.66","62.04","52.56","31.88","15.51","24.13","33.61","54.29","13.83"
"Jamaica","JAM","AMRO","2022-12-16 00:00:00","AstraZeneca - Vaxzevria,Beijing CNBG - BBIBP-CorV,Janssen - Ad26.COV 2-S,Pfizer BioNTech - Comirnaty,SII - Covishield","5","88","70","65","37","2827382","847490","29.974372051601","26.38","20.98","19.48","11.09","3.60","8.99","10.49","18.88","70.03"
"Japan","JPN","WPRO","2022-11-30 00:00:00","AstraZeneca - Vaxzevria,Moderna - Spikevax,Novavax-NUVAXOVID,Pfizer BioNTech - Comirnaty","4","72","60","54","32","123951696","104630376","84.412218127294","60.78","50.65","45.58","27.01","23.64","33.76","38.83","57.40","15.59"
"Jersey","JEY","EURO","2022-12-18 00:00:00","Moderna - mRNA-1273, AstraZeneca - AZD1222, Pfizer BioNTech - Comirnaty","3","95","80","72","43","110796","84365","76.144445647857","72.34","60.92","54.82","32.74","3.81","15.23","21.32","43.40","23.86"
"Jordan","JOR","EMRO","2022-08-21 00:00:00","AstraZeneca - Vaxzevria,Beijing CNBG - BBIBP-CorV,Bharat - Covaxin,CanSino - Convidecia,Gamaleya - Gam-Covid-Vac,Gamaleya - Sputnik-Light,Janssen - Ad26.COV 2-S,Moderna - Spikevax,Pfizer BioNTech - Comirnaty,Sinovac - CoronaVac","10","82","74","60","38","11285875","4821579","42.722243512355","35.03","31.61","25.63","16.23","7.69","11.11","17.09","26.49","57.28"
"Kazakhstan","KAZ","EURO","2022-12-11 00:00:00","Beijing CNBG - BBIBP-CorV,Gamaleya - Gam-Covid-Vac,Pfizer BioNTech - Comirnaty,RIBSP - QazVac,Sinovac - CoronaVac","5","62","57","46","29","19397998","10858101","55.975369210781","34.70","31.91","25.75","16.23","21.27","24.07","30.23","39.74","44.02"
"Kenya","KEN","AFRO","2022-12-18 00:00:00","Beijing CNBG - BBIBP-CorV,Janssen - Ad26.COV 2-S,Moderna - Spikevax,Pfizer BioNTech - Comirnaty,SII - Covishield","5","89","76","65","39","54027484","14242625","26.361814294369","23.46","20.03","17.14","10.28","2.90","6.33","9.23","16.08","73.64"
"Kiribati","KIR","WPRO","2022-11-01 00:00:00","AstraZeneca - Vaxzevria,Beijing CNBG - BBIBP-CorV","2","84","66","62","36","131237","99607","75.898565191219","63.75","50.09","47.06","27.32","12.14","25.81","28.84","48.58","24.10"
"Kosovo","XKX","EURO","2022-10-23 00:00:00","AstraZeneca - Vaxzevria,Pfizer BioNTech - Comirnaty","2","95","75","72","40","1782115","906807","50.883753293138","48.34","38.16","36.64","20.35","2.54","12.72","14.25","30.53","49.12"
"Kuwait","KWT","EMRO","2022-12-22 00:00:00","AstraZeneca - Vaxzevria,Beijing CNBG - BBIBP-CorV,Bharat - Covaxin,CanSino - Convidecia,Gamaleya - Gam-Covid-Vac,Gamaleya - Sputnik-Light,Janssen - Ad26.COV 2-S,Moderna - Spikevax,Pfizer BioNTech - Comirnaty,Sinovac - CoronaVac","10","82","74","60","38","4268886","3456075","80.959646146559","66.39","59.91","48.58","30.76","14.57","21.05","32.38","50.19","19.04"
"Kyrgyzstan","KGZ","EURO","2022-12-11 00:00:00","AstraZeneca - Vaxzevria,Beijing CNBG - BBIBP-CorV,Gamaleya - Gam-Covid-Vac,Moderna - Spikevax,Pfizer BioNTech - Comirnaty,RIBSP - QazVac","6","75","66","56","35","6630621","1646141","24.826347336094","18.62","16.39","13.90","8.69","6.21","8.44","10.92","16.14","75.17"
"Lao People's Democratic Republic","LAO","WPRO","2022-11-21 00:00:00","AstraZeneca - Vaxzevria,Beijing CNBG - BBIBP-CorV,Gamaleya - Gam-Covid-Vac,Gamaleya - Sputnik-Light,Janssen - Ad26.COV 2-S,Pfizer BioNTech - Comirnaty,SII - Covishield,Sinovac - CoronaVac","8","85","71","62","37","7529477","5888649","78.207941932753","66.48","55.53","48.49","28.94","11.73","22.68","29.72","49.27","21.79"
"Latvia","LVA","EURO","2022-12-11 00:00:00","AstraZeneca - Vaxzevria,Janssen - Ad26.COV 2-S,Moderna - Spikevax,Novavax-NUVAXOVID,Pfizer BioNTech - Comirnaty","5","74","63","55","32","1850654","1346184","72.740987780536","53.83","45.83","40.01","23.28","18.91","26.91","32.73","49.46","27.26"
"Lebanon","LBN","EMRO","2022-12-22 00:00:00","AstraZeneca - Vaxzevria,Beijing CNBG - BBIBP-CorV,Bharat - Covaxin,CanSino - Convidecia,Gamaleya - Gam-Covid-Vac,Gamaleya - Sputnik-Light,Janssen - Ad26.COV 2-S,Moderna - Spikevax,Pfizer BioNTech - Comirnaty,Sinovac - CoronaVac","10","82","74","60","38","5489744","2740227","49.915387675637","40.93","36.94","29.95","18.97","8.98","12.98","19.97","30.95","50.08"
"Lesotho","LSO","AFRO","2022-12-11 00:00:00","Beijing CNBG - BBIBP-CorV,Janssen - Ad26.COV 2-S,SII - Covishield","3","84","68","60","35","2305826","998183","43.289606414361","36.36","29.44","25.97","15.15","6.93","13.85","17.32","28.14","56.71"
"Liberia","LBR","AFRO","2022-12-11 00:00:00","SII - Covishield","1","94","63","71","36","5302690","3903802","73.619276254128","69.20","46.38","52.27","26.50","4.42","27.24","21.35","47.12","26.38"
"Libya","LBY","EMRO","2022-10-02 00:00:00","AstraZeneca - Vaxzevria,Beijing CNBG - BBIBP-CorV,Bharat - Covaxin,CanSino - Convidecia,Gamaleya - Gam-Covid-Vac,Gamaleya - Sputnik-Light,Janssen - Ad26.COV 2-S,Moderna - Spikevax,Pfizer BioNTech - Comirnaty,Sinovac - CoronaVac","10","82","74","60","38","6812344","2316327","34.001908887748","27.88","25.16","20.40","12.92","6.12","8.84","13.60","21.08","66.00"
"Liechtenstein","LIE","OTHER","2022-04-10 00:00:00","Janssen - Ad26.COV 2-S,Moderna - Spikevax,Pfizer BioNTech - Comirnaty","3","93","83","67","42","39355","26765","68.009147503494","63.25","56.45","45.57","28.56","4.76","11.56","22.44","39.45","31.99"
"Lithuania","LTU","EURO","2022-12-11 00:00:00","AstraZeneca - Vaxzevria,Janssen - Ad26.COV 2-S,Moderna - Spikevax,Pfizer BioNTech - Comirnaty,Unknown Vaccine","5","74","63","55","32","2750058","1956721","71.151990248933","52.65","44.83","39.13","22.77","18.50","26.33","32.02","48.38","28.85"
"Luxembourg","LUX","EURO","2022-12-11 00:00:00","AstraZeneca - Vaxzevria,Janssen - Ad26.COV 2-S,Moderna - Spikevax,Moderna â€“ Spikevax Bivalent Original/Omicron BA.1,Novavax-NUVAXOVID,Pfizer BioNTech - Comirnaty,Pfizer BioNTech - Comirnaty Bivalent Original/Omicron BA.1,Pfizer BioNTech - Comirnaty Bivalent Original/Omicron BA.4/BA.5","8","82","72","61","37","647601","481927","74.417272363693","61.02","53.58","45.39","27.53","13.40","20.84","29.02","46.88","25.58"
"Madagascar","MDG","AFRO","2022-12-18 00:00:00","Beijing CNBG - BBIBP-CorV,Janssen - Ad26.COV 2-S,SII - Covishield","3","84","68","60","35","29611718","2183010","7.3721153227246","6.19","5.01","4.42","2.58","1.18","2.36","2.95","4.79","92.63"
"Malawi","MWI","AFRO","2022-12-18 00:00:00","Janssen - Ad26.COV 2-S,SII - Covishield","2","90","68","64","35","20405318","4932472","24.172482879218","21.76","16.44","15.47","8.46","2.42","7.74","8.70","15.71","75.83"
"Malaysia","MYS","WPRO","2022-12-18 00:00:00","AstraZeneca - Vaxzevria,Beijing CNBG - BBIBP-CorV,CanSino - Convidecia,Gamaleya - Gam-Covid-Vac,Janssen - Ad26.COV 2-S,Moderna - Spikevax,Pfizer BioNTech - Comirnaty,Sinovac - CoronaVac","8","82","72","60","37","33938216","28126965","82.876969726399","67.96","59.67","49.73","30.66","14.92","23.21","33.15","52.21","17.12"
"Maldives","MDV","SEARO","2022-12-19 00:00:00","AstraZeneca - Vaxzevria,Beijing CNBG - BBIBP-CorV,Gamaleya - Gam-Covid-Vac,Janssen - Ad26.COV 2-S,Moderna - Spikevax,Pfizer BioNTech - Comirnaty,SII - Covishield,Sinovac - CoronaVac","8","85","72","63","38","523798","399151","76.203231016537","64.77","54.87","48.01","28.96","11.43","21.34","28.20","47.25","23.80"
"Mali","MLI","AFRO","2022-12-18 00:00:00","SII - Covishield","1","94","63","71","36","22593598","3494626","15.467328399841","14.54","9.74","10.98","5.57","0.93","5.72","4.49","9.90","84.53"
"Malta","MLT","EURO","2022-12-11 00:00:00","AstraZeneca - Vaxzevria,Janssen - Ad26.COV 2-S,Moderna - Spikevax,Pfizer BioNTech - Comirnaty","4","93","78","68","40","533293","478633","89.750474879663","83.47","70.01","61.03","35.90","6.28","19.75","28.72","53.85","10.25"
"Marshall Islands","MHL","WPRO","2022-11-02 00:00:00","Janssen - Ad26.COV 2-S,Moderna - Spikevax,Pfizer BioNTech - Comirnaty","3","93","83","67","42","41593","","0","0.00","0.00","0.00","0.00","0.00","0.00","0.00","0.00","100.00"
"Martinique","MTQ","AMRO","2022-12-16 00:00:00","Pfizer BioNTech - Comirnaty","1","95","86","72","44","367512","","0","0.00","0.00","0.00","0.00","0.00","0.00","0.00","0.00","100.00"
"Mauritania","MRT","AFRO","2022-12-18 00:00:00","Beijing CNBG - BBIBP-CorV,SII - Covishield","2","84","66","62","36","4736146","2098993","44.318587307064","37.23","29.25","27.48","15.95","7.09","15.07","16.84","28.36","55.68"
"Mauritius","MUS","AFRO","2022-12-18 00:00:00","Beijing CNBG - BBIBP-CorV,Bharat - Covaxin,SII - Covishield","3","82","68","60","36","1299478","1123773","86.478801487982","70.91","58.81","51.89","31.13","15.57","27.67","34.59","55.35","13.52"
"Mexico","MEX","AMRO","2022-12-16 00:00:00","AstraZeneca - Vaxzevria,CanSino - Convidecia,Gamaleya - Gam-Covid-Vac,Janssen - Ad26.COV 2-S,Moderna - Spikevax,Pfizer BioNTech - Comirnaty,Sinovac - CoronaVac","7","83","73","61","37","127504120","99071001","77.700235098285","64.49","56.72","47.40","28.75","13.21","20.98","30.30","48.95","22.30"
"Micronesia (Federated States of)","FSM","WPRO","2022-08-20 00:00:00","AstraZeneca - Vaxzevria,Janssen - Ad26.COV 2-S,Moderna - Spikevax,Pfizer BioNTech - Comirnaty","4","93","78","68","40","114178","","0","0.00","0.00","0.00","0.00","0.00","0.00","0.00","0.00","100.00"
"Monaco","MCO","EURO","2022-11-06 00:00:00","AstraZeneca - Vaxzevria,Janssen - Ad26.COV 2-S,Moderna - Spikevax,Novavax - Covavax,Novavax-NUVAXOVID,Pfizer BioNTech - Comirnaty,Unknown Vaccine","7","66","57","48","29","36491","28875","79.129100326108","52.23","45.10","37.98","22.95","26.90","34.03","41.15","56.18","20.87"
"Mongolia","MNG","WPRO","2022-12-16 00:00:00","AstraZeneca - Vaxzevria,Beijing CNBG - BBIBP-CorV,Gamaleya - Gam-Covid-Vac,Moderna - Spikevax,Pfizer BioNTech - Comirnaty,SII - Covishield","6","91","76","68","41","3398373","2272965","66.883917686493","60.86","50.83","45.48","27.42","6.02","16.05","21.40","39.46","33.12"
"Montenegro","MNE","EURO","2022-12-04 00:00:00","AstraZeneca - Vaxzevria,Beijing CNBG - BBIBP-CorV,Gamaleya - Gam-Covid-Vac,Pfizer BioNTech - Comirnaty,Unknown Vaccine","5","71","61","53","32","627082","292783","46.689747114412","33.15","28.48","24.75","14.94","13.54","18.21","21.94","31.75","53.31"
"Montserrat","MSR","AMRO","2022-12-16 00:00:00","AstraZeneca - Vaxzevria","1","94","63","71","36","4413","2104","47.677317017902","44.82","30.04","33.85","17.16","2.86","17.64","13.83","30.51","52.32"
"Morocco","MAR","EMRO","2022-12-22 00:00:00","AstraZeneca - Vaxzevria,Beijing CNBG - BBIBP-CorV,Bharat - Covaxin,CanSino - Convidecia,Gamaleya - Gam-Covid-Vac,Gamaleya - Sputnik-Light,Janssen - Ad26.COV 2-S,Moderna - Spikevax,Pfizer BioNTech - Comirnaty,Sinovac - CoronaVac","10","82","74","60","38","37457976","25017528","66.788253588501","54.77","49.42","40.07","25.38","12.02","17.36","26.72","41.41","33.21"
"Mozambique","MOZ","AFRO","2022-12-18 00:00:00","Beijing CNBG - BBIBP-CorV,Janssen - Ad26.COV 2-S,SII - Covishield","3","84","68","60","35","32969520","18640008","56.537092441746","47.49","38.45","33.92","19.79","9.05","18.09","22.61","36.75","43.46"
"Myanmar","MMR","SEARO","2022-06-18 00:00:00","Beijing CNBG - BBIBP-CorV,SII - Covishield","2","84","66","62","36","54179312","34777314","64.189286862853","53.92","42.36","39.80","23.11","10.27","21.82","24.39","41.08","35.81"
"Namibia","NAM","AFRO","2022-12-11 00:00:00","Beijing CNBG - BBIBP-CorV,Janssen - Ad26.COV 2-S,Pfizer BioNTech - Comirnaty,SII - Covishield","4","87","72","63","37","2567024","817482","31.845514494605","27.71","22.93","20.06","11.78","4.14","8.92","11.78","20.06","68.15"
"Nauru","NRU","WPRO","2022-07-11 00:00:00","AstraZeneca - Vaxzevria,SII - Covishield","2","94","63","71","36","12691","11522","90.788747931605","85.34","57.20","64.46","32.68","5.45","33.59","26.33","58.10","9.21"
"Nepal","NPL","SEARO","2022-12-20 00:00:00","AstraZeneca - Vaxzevria,Beijing CNBG - BBIBP-CorV,Bharat - Covaxin,Gamaleya - Gam-Covid-Vac,Janssen - Ad26.COV 2-S,Moderna - Spikevax,Pfizer BioNTech - Comirnaty,SII - Covishield","8","89","75","65","39","30547586","27678479","90.607745567849","80.64","67.96","58.90","35.34","9.97","22.65","31.71","55.27","9.39"
"Netherlands","NLD","EURO","2022-09-11 00:00:00","AstraZeneca - Vaxzevria,Janssen - Ad26.COV 2-S,Moderna - Spikevax,Novavax-NUVAXOVID,Pfizer BioNTech - Comirnaty,Unknown Vaccine","6","62","52","46","27","17564020","12775557","72.737089800627","45.10","37.82","33.46","19.64","27.64","34.91","39.28","53.10","27.26"
"New Caledonia","NCL","WPRO","2022-12-05 00:00:00","Janssen - Ad26.COV 2-S,Pfizer BioNTech - Comirnaty","2","91","79","65","39","289959","192241","66.299373359682","60.33","52.38","43.09","25.86","5.97","13.92","23.20","40.44","33.70"
"New Zealand","NZL","WPRO","2022-12-16 00:00:00","AstraZeneca - Vaxzevria,Janssen - Ad26.COV 2-S,Novavax-NUVAXOVID,Pfizer BioNTech - Comirnaty","4","69","55","50","28","5185289","4300684","82.940102277809","57.23","45.62","41.47","23.22","25.71","37.32","41.47","59.72","17.06"
"Nicaragua","NIC","AMRO","2022-12-16 00:00:00","AstraZeneca - Vaxzevria,CIGB - CIGB-66,Finlay - Soberana Plus,Finlay - Soberana-02,Gamaleya - Gam-Covid-Vac,Gamaleya - Sputnik-Light,Janssen - Ad26.COV 2-S,Pfizer BioNTech - Comirnaty,SII - Covishield","9","61","51","45","26","6948395","6216083","89.460702795394","54.57","45.62","40.26","23.26","34.89","43.84","49.20","66.20","10.54"
"Niger","NER","AFRO","2022-12-11 00:00:00","Beijing CNBG - BBIBP-CorV,SII - Covishield","2","84","66","62","36","26207982","6072321","23.16973889863","19.46","15.29","14.37","8.34","3.71","7.88","8.80","14.83","76.83"
"Nigeria","NGA","AFRO","2022-12-11 00:00:00","SII - Covishield","1","94","63","71","36","218541216","76507342","35.008198178965","32.91","22.06","24.86","12.60","2.10","12.95","10.15","22.41","64.99"
"Niue","NIU","WPRO","2022-10-18 00:00:00","Pfizer BioNTech - Comirnaty","1","95","86","72","44","1952","1636","83.811475409836","79.62","72.08","60.34","36.88","4.19","11.73","23.47","46.93","16.19"
"North Macedonia","MKD","EURO","2022-12-11 00:00:00","AstraZeneca - Vaxzevria,Beijing CNBG - BBIBP-CorV,Gamaleya - Gam-Covid-Vac,Moderna - Spikevax,Pfizer BioNTech - Comirnaty,Sinovac - CoronaVac,Wuhan CNBG - Inactivated","7","72","63","53","33","2093606","854479","40.813744324386","29.39","25.71","21.63","13.47","11.43","15.10","19.18","27.35","59.19"
"Northern Mariana Islands (Commonwealth of the)","MNP","WPRO","2022-11-04 00:00:00","Janssen - Ad26.COV 2-S,Moderna - Spikevax,Pfizer BioNTech - Comirnaty","3","93","83","67","42","49574","","0","0.00","0.00","0.00","0.00","0.00","0.00","0.00","0.00","100.00"
"Norway","NOR","EURO","2022-12-11 00:00:00","AstraZeneca - Vaxzevria,Janssen - Ad26.COV 2-S,Moderna - Spikevax,Pfizer BioNTech - Comirnaty","4","93","78","68","40","5434324","4346995","79.991457999192","74.39","62.39","54.39","32.00","5.60","17.60","25.60","47.99","20.01"
"occupied Palestinian territory","PSE","EMRO","2022-10-18 00:00:00","AstraZeneca - Vaxzevria,Beijing CNBG - BBIBP-CorV,Bharat - Covaxin,CanSino - Convidecia,Gamaleya - Gam-Covid-Vac,Gamaleya - Sputnik-Light,Janssen - Ad26.COV 2-S,Moderna - Spikevax,Pfizer BioNTech - Comirnaty,Sinovac - CoronaVac","10","82","74","60","38","5250076","2012767","38.337864061396","31.44","28.37","23.00","14.57","6.90","9.97","15.34","23.77","61.66"
"Oman","OMN","EMRO","2022-10-25 00:00:00","AstraZeneca - Vaxzevria,Beijing CNBG - BBIBP-CorV,Bharat - Covaxin,CanSino - Convidecia,Gamaleya - Gam-Covid-Vac,Gamaleya - Sputnik-Light,Janssen - Ad26.COV 2-S,Moderna - Spikevax,Pfizer BioNTech - Comirnaty,SII - Covishield,Sinovac - CoronaVac","11","83","73","61","38","4576300","3257365","71.179009243275","59.08","51.96","43.42","27.05","12.10","19.22","27.76","44.13","28.82"
"Pakistan","PAK","EMRO","2022-12-18 00:00:00","AstraZeneca - Vaxzevria,Beijing CNBG - BBIBP-CorV,Bharat - Covaxin,CanSino - Convidecia,Gamaleya - Gam-Covid-Vac,Gamaleya - Sputnik-Light,Janssen - Ad26.COV 2-S,Moderna - Spikevax,Pfizer BioNTech - Comirnaty,SII - Covishield,Sinovac - CoronaVac","11","83","73","61","38","235824864","162206190","68.782480035693","57.09","50.21","41.96","26.14","11.69","18.57","26.83","42.65","31.22"
"Palau","PLW","WPRO","2022-11-21 00:00:00","Janssen - Ad26.COV 2-S,Moderna - Spikevax,Pfizer BioNTech - Comirnaty","3","93","83","67","42","18084","","0","0.00","0.00","0.00","0.00","0.00","0.00","0.00","0.00","100.00"
"Panama","PAN","AMRO","2022-12-16 00:00:00","AstraZeneca - Vaxzevria,Pfizer BioNTech - Comirnaty","2","95","75","72","40","4408582","3525536","79.969840642637","75.97","59.98","57.58","31.99","4.00","19.99","22.39","47.98","20.03"
"Papua New Guinea","PNG","WPRO","2022-12-18 00:00:00","AstraZeneca - Vaxzevria,Beijing CNBG - BBIBP-CorV,Janssen - Ad26.COV 2-S,SII - Covishield","4","87","67","63","35","10142625","371474","3.6625035432149","3.19","2.45","2.31","1.28","0.48","1.21","1.36","2.38","96.34"
"Paraguay","PRY","AMRO","2022-12-16 00:00:00","AstraZeneca - Vaxzevria,Beijing CNBG - BBIBP-CorV,Bharat - Covaxin,Gamaleya - Gam-Covid-Vac,Julphar - Hayat-Vax,Moderna - Spikevax,Pfizer BioNTech - Comirnaty,Sinovac - CoronaVac","8","72","64","54","34","6780745","3984150","58.756818019259","42.30","37.60","31.73","19.98","16.45","21.15","27.03","38.78","41.24"
"Peru","PER","AMRO","2022-12-16 00:00:00","AstraZeneca - Vaxzevria,Beijing CNBG - BBIBP-CorV,Moderna - Spikevax,Pfizer BioNTech - Comirnaty","4","90","77","67","41","34049588","30276778","88.919660349488","80.03","68.47","59.58","36.46","8.89","20.45","29.34","52.46","11.08"
"Philippines","PHL","WPRO","2022-12-15 00:00:00","AstraZeneca - Vaxzevria,Beijing CNBG - BBIBP-CorV,Bharat - Covaxin,Gamaleya - Gam-Covid-Vac,Gamaleya - Sputnik-Light,Janssen - Ad26.COV 2-S,Julphar - Hayat-Vax,Moderna - Spikevax,Novavax-NUVAXOVID,Pfizer BioNTech - Comirnaty,Sinovac - CoronaVac","11","69","61","50","31","115559008","78397169","67.841677041741","46.81","41.38","33.92","21.03","21.03","26.46","33.92","46.81","32.16"
"Pitcairn Islands","PCN","WPRO","2022-02-28 00:00:00","AstraZeneca - Vaxzevria","1","94","63","71","36","47","47","100","94.00","63.00","71.00","36.00","6.00","37.00","29.00","64.00","0.00"
"Poland","POL","EURO","2022-12-11 00:00:00","AstraZeneca - Vaxzevria,Janssen - Ad26.COV 2-S,Moderna - Spikevax,Novavax-NUVAXOVID,Pfizer BioNTech - Comirnaty","5","74","63","55","32","39857144","22868045","57.375021652329","42.46","36.15","31.56","18.36","14.92","21.23","25.82","39.02","42.62"
"Portugal","PRT","EURO","2022-12-11 00:00:00","AstraZeneca - Vaxzevria,Beijing CNBG - BBIBP-CorV,Bharat - Covaxin,Janssen - Ad26.COV 2-S,Moderna - Spikevax,Moderna â€“ Spikevax Bivalent Original/Omicron BA.1,Novavax-NUVAXOVID,Pfizer BioNTech - Comirnaty,Pfizer BioNTech - Comirnaty Bivalent Original/Omicron BA.1,Pfizer BioNTech - Comirnaty Bivalent Original/Omicron BA.4/BA.5,Sinovac - CoronaVac","11","78","70","58","36","10270857","9777719","95.198667452969","74.25","66.64","55.22","34.27","20.94","28.56","39.98","60.93","4.80"
"Puerto Rico","PRI","AMRO","2022-12-16 00:00:00","Janssen - Ad26.COV 2-S,Moderna - Spikevax,Novavax-NUVAXOVID,Pfizer BioNTech - Comirnaty","4","70","63","51","31","3252412","","0","0.00","0.00","0.00","0.00","0.00","0.00","0.00","0.00","100.00"
"Qatar","QAT","EMRO","2022-12-22 00:00:00","AstraZeneca - Vaxzevria,Beijing CNBG - BBIBP-CorV,Bharat - Covaxin,CanSino - Convidecia,Gamaleya - Gam-Covid-Vac,Gamaleya - Sputnik-Light,Janssen - Ad26.COV 2-S,Moderna - Spikevax,Pfizer BioNTech - Comirnaty,Sinovac - CoronaVac","10","82","74","60","38","2695131","2851272","105.79344751702","86.75","78.29","63.48","40.20","19.04","27.51","42.32","65.59","-5.79"
"Republic of Korea","KOR","WPRO","2022-10-27 00:00:00","AstraZeneca - Vaxzevria,Janssen - Ad26.COV 2-S,Moderna - Spikevax,Novavax-NUVAXOVID,Pfizer BioNTech - Comirnaty","5","74","63","55","32","51815808","44849950","86.556500286553","64.05","54.53","47.61","27.70","22.50","32.03","38.95","58.86","13.44"
"Republic of Moldova","MDA","EURO","2022-12-04 00:00:00","AstraZeneca - Vaxzevria,Beijing CNBG - BBIBP-CorV,Gamaleya - Gam-Covid-Vac,Janssen - Ad26.COV 2-S,Moderna - Spikevax,Pfizer BioNTech - Comirnaty,Sinovac - CoronaVac","7","84","73","61","38","3272993","1106068","33.793778355163","28.39","24.67","20.61","12.84","5.41","9.12","13.18","20.95","66.21"
"Romania","ROU","EURO","2022-12-11 00:00:00","AstraZeneca - Vaxzevria,Janssen - Ad26.COV 2-S,Moderna - Spikevax,Pfizer BioNTech - Comirnaty","4","93","78","68","40","19659270","8186209","41.640452570212","38.73","32.48","28.32","16.66","2.91","9.16","13.32","24.98","58.36"
"Russian Federation","RUS","EURO","2022-12-14 00:00:00","SRCVB - EpiVacCorona, Gamaleya - Sputnik V","2","46","43","34","22","144713312","87965577","60.786098931935","27.96","26.14","20.67","13.37","32.82","34.65","40.12","47.41","39.21"
"Rwanda","RWA","AFRO","2022-11-13 00:00:00","Beijing CNBG - BBIBP-CorV,Gamaleya - Gam-Covid-Vac,Janssen - Ad26.COV 2-S,Moderna - Spikevax,Pfizer BioNTech - Comirnaty,SII - Covishield,Sinovac - CoronaVac","7","84","73","61","38","13776702","10572981","76.745370553852","64.47","56.02","46.81","29.16","12.28","20.72","29.93","47.58","23.25"
"Saint Helena, Ascension and Tristan da Cunha","SHN","AFRO","2021-05-05 00:00:00","AstraZeneca - AZD1222","1","94","63","71","36","5401","4361","80.744306609887","75.90","50.87","57.33","29.07","4.84","29.88","23.42","51.68","19.26"
"Saint Kitts and Nevis","KNA","AMRO","2022-12-16 00:00:00","AstraZeneca - Vaxzevria,Pfizer BioNTech - Comirnaty,SII - Covishield","3","94","71","71","39","47681","33794","70.87519137602","66.62","50.32","50.32","27.64","4.25","20.55","20.55","43.23","29.12"
"Saint Lucia","LCA","AMRO","2022-12-16 00:00:00","AstraZeneca - Vaxzevria,Janssen - Ad26.COV 2-S,Moderna - Spikevax,Pfizer BioNTech - Comirnaty,SII - Covishield","5","93","75","69","39","179872","60140","33.434887030777","31.09","25.08","23.07","13.04","2.34","8.36","10.36","20.40","66.57"
"Saint Vincent and the Grenadines","VCT","AMRO","2022-12-16 00:00:00","AstraZeneca - Vaxzevria,Gamaleya - Gam-Covid-Vac,Gamaleya - Sputnik-Light,Pfizer BioNTech - Comirnaty,SII - Covishield","5","93","77","70","41","103959","37481","36.053636529786","33.53","27.76","25.24","14.78","2.52","8.29","10.82","21.27","63.95"
"Samoa","WSM","WPRO","2022-11-21 00:00:00","AstraZeneca - Vaxzevria,Pfizer BioNTech - Comirnaty","2","95","75","72","40","222390","191171","85.962048653267","81.66","64.47","61.89","34.38","4.30","21.49","24.07","51.58","14.04"
"San Marino","SMR","EURO","2022-05-22 00:00:00","Gamaleya - Gam-Covid-Vac,Pfizer BioNTech - Comirnaty","2","94","86","70","44","33690","26357","78.233897298902","73.54","67.28","54.76","34.42","4.69","10.95","23.47","43.81","21.77"
"Sao Tome and Principe","STP","AFRO","2022-11-27 00:00:00","AstraZeneca - Vaxzevria,SII - Covishield","2","94","63","71","36","227393","127564","56.098472688253","52.73","35.34","39.83","20.20","3.37","20.76","16.27","35.90","43.90"
"Saudi Arabia","SAU","EMRO","2022-12-04 00:00:00","AstraZeneca - Vaxzevria,Beijing CNBG - BBIBP-CorV,Bharat - Covaxin,CanSino - Convidecia,Gamaleya - Gam-Covid-Vac,Gamaleya - Sputnik-Light,Janssen - Ad26.COV 2-S,Moderna - Spikevax,Pfizer BioNTech - Comirnaty,Sinovac - CoronaVac","10","82","74","60","38","36408824","26951666","74.025093477339","60.70","54.78","44.42","28.13","13.32","19.25","29.61","45.90","25.97"
"Senegal","SEN","AFRO","2022-11-27 00:00:00","Beijing CNBG - BBIBP-CorV,Janssen - Ad26.COV 2-S,SII - Covishield","3","84","68","60","35","17316452","2051994","11.849967880256","9.95","8.06","7.11","4.15","1.90","3.79","4.74","7.70","88.15"
"Serbia","SRB","EURO","2022-09-04 00:00:00","AstraZeneca - Vaxzevria,Beijing CNBG - BBIBP-CorV,Gamaleya - Gam-Covid-Vac,Moderna - Spikevax,Pfizer BioNTech - Comirnaty","5","90","79","67","41","6871547","3354075","48.811061031817","43.93","38.56","32.70","20.01","4.88","10.25","16.11","28.80","51.19"
"Seychelles","SYC","AFRO","2022-12-11 00:00:00","Beijing CNBG - BBIBP-CorV,Gamaleya - Gam-Covid-Vac,Julphar - Hayat-Vax,SII - Covishield","4","65","54","48","29","107135","85803","80.088673169366","52.06","43.25","38.44","23.23","28.03","36.84","41.65","56.86","19.91"
"Sierra Leone","SLE","AFRO","2022-12-18 00:00:00","Beijing CNBG - BBIBP-CorV,SII - Covishield","2","84","66","62","36","8605723","4506129","52.362003750295","43.98","34.56","32.46","18.85","8.38","17.80","19.90","33.51","47.64"
"Singapore","SGP","WPRO","2022-11-28 00:00:00","AstraZeneca - Vaxzevria,Beijing CNBG - BBIBP-CorV,Moderna - Spikevax,Pfizer BioNTech - Comirnaty","4","90","77","67","41","5637022","5160551","91.547469568151","82.39","70.49","61.34","37.53","9.15","21.06","30.21","54.01","8.45"
"Sint Eustatius","XBA","AMRO","2022-12-16 00:00:00","","","","","","","","","","","","","","","","","",""
"Sint Maarten","SXM","AMRO","2022-12-16 00:00:00","AstraZeneca - Vaxzevria,Moderna - Spikevax,Pfizer BioNTech - Comirnaty","3","95","80","72","43","44192","29788","67.405865314989","64.04","53.92","48.53","28.98","3.37","13.48","18.87","38.42","32.59"
"Slovakia","SVK","EURO","2022-12-11 00:00:00","AstraZeneca - Vaxzevria,Gamaleya - Gam-Covid-Vac,Janssen - Ad26.COV 2-S,Moderna - Spikevax,Novavax-NUVAXOVID,Pfizer BioNTech - Comirnaty,Unknown Vaccine","7","66","57","49","29","5643455","2595901","45.998435355646","30.36","26.22","22.54","13.34","15.64","19.78","23.46","32.66","54.00"
"Slovenia","SVN","EURO","2022-12-11 00:00:00","AstraZeneca - Vaxzevria,Janssen - Ad26.COV 2-S,Moderna - Spikevax,Novavax-NUVAXOVID,Pfizer BioNTech - Comirnaty,Unknown Vaccine","6","62","52","46","27","2119843","1265802","59.712063582067","37.02","31.05","27.47","16.12","22.69","28.66","32.24","43.59","40.29"
"Solomon Islands","SLB","WPRO","2022-10-30 00:00:00","AstraZeneca - Vaxzevria,Beijing CNBG - BBIBP-CorV,Pfizer BioNTech - Comirnaty,SII - Covishield","4","89","70","67","38","724272","343821","47.471253893565","42.25","33.23","31.81","18.04","5.22","14.24","15.67","29.43","52.53"
"Somalia","SOM","EMRO","2022-12-22 00:00:00","AstraZeneca - Vaxzevria,Beijing CNBG - BBIBP-CorV,Bharat - Covaxin,CanSino - Convidecia,Gamaleya - Gam-Covid-Vac,Gamaleya - Sputnik-Light,Janssen - Ad26.COV 2-S,Moderna - Spikevax,Pfizer BioNTech - Comirnaty,SII - Covishield,Sinovac - CoronaVac","11","83","73","61","38","17597508","7729842","43.925776308782","36.46","32.07","26.79","16.69","7.47","11.86","17.13","27.23","56.07"
"South Africa","ZAF","AFRO","2022-12-18 00:00:00","Janssen - Ad26.COV 2-S,Pfizer BioNTech - Comirnaty","2","91","79","65","39","59893884","23970891","40.022268383864","36.42","31.62","26.01","15.61","3.60","8.40","14.01","24.41","59.98"
"South Sudan","SSD","AFRO","2022-12-18 00:00:00","Janssen - Ad26.COV 2-S,SII - Covishield","2","90","68","64","35","10913172","2271802","20.817064003023","18.74","14.16","13.32","7.29","2.08","6.66","7.49","13.53","79.18"
"Spain","ESP","EURO","2022-12-11 00:00:00","AstraZeneca - Vaxzevria,Janssen - Ad26.COV 2-S,Moderna - Spikevax,Pfizer BioNTech - Comirnaty","4","93","78","68","40","47558632","41340052","86.924392610788","80.84","67.80","59.11","34.77","6.08","19.12","27.82","52.15","13.08"
"Sri Lanka","LKA","SEARO","2022-10-30 00:00:00","AstraZeneca - Vaxzevria,Beijing CNBG - BBIBP-CorV,Gamaleya - Gam-Covid-Vac,Moderna - Spikevax,Pfizer BioNTech - Comirnaty,SII - Covishield","6","91","76","68","41","21832150","17143761","78.525298699395","71.46","59.68","53.40","32.20","7.07","18.85","25.13","46.33","21.47"
"Sudan","SDN","EMRO","2022-12-12 00:00:00","AstraZeneca - Vaxzevria,Beijing CNBG - BBIBP-CorV,Bharat - Covaxin,CanSino - Convidecia,Gamaleya - Gam-Covid-Vac,Gamaleya - Sputnik-Light,Janssen - Ad26.COV 2-S,Moderna - Spikevax,Pfizer BioNTech - Comirnaty,SII - Covishield,Sinovac - CoronaVac","11","83","73","61","38","46874200","10504568","22.410127532843","18.60","16.36","13.67","8.52","3.81","6.05","8.74","13.89","77.59"
"Suriname","SUR","AMRO","2022-12-16 00:00:00","AstraZeneca - Vaxzevria,Beijing CNBG - BBIBP-CorV,Moderna - Spikevax,Pfizer BioNTech - Comirnaty,SII - Covishield","5","91","74","68","40","618046","267820","43.333344120017","39.43","32.07","29.47","17.33","3.90","11.27","13.87","26.00","56.67"
"Sweden","SWE","EURO","2022-12-11 00:00:00","AstraZeneca - Vaxzevria,Moderna - Spikevax,Novavax-NUVAXOVID,Pfizer BioNTech - Comirnaty,Unknown Vaccine","5","57","48","43","26","10549349","7817893","74.107824094169","42.24","35.57","31.87","19.27","31.87","38.54","42.24","54.84","25.89"
"Switzerland","CHE","EURO","2022-12-11 00:00:00","Janssen - Ad26.COV 2-S,Moderna - Spikevax,Moderna â€“ Spikevax Bivalent Original/Omicron BA.1,Novavax-NUVAXOVID,Pfizer BioNTech - Comirnaty,Pfizer BioNTech - Comirnaty Bivalent Original/Omicron BA.1","6","78","71","58","36","8740471","6095843","69.742728967352","54.40","49.52","40.45","25.11","15.34","20.23","29.29","44.64","30.26"
"Syrian Arab Republic","SYR","EMRO","2022-12-20 00:00:00","AstraZeneca - Vaxzevria,Beijing CNBG - BBIBP-CorV,Bharat - Covaxin,CanSino - Convidecia,Gamaleya - Gam-Covid-Vac,Gamaleya - Sputnik-Light,Janssen - Ad26.COV 2-S,Moderna - Spikevax,Pfizer BioNTech - Comirnaty,SII - Covishield,Sinovac - CoronaVac","11","83","73","61","38","22125242","3209797","14.507398382354","12.04","10.59","8.85","5.51","2.47","3.92","5.66","8.99","85.49"
"Tajikistan","TJK","EURO","2022-12-04 00:00:00","AstraZeneca - Vaxzevria,Gamaleya - Gam-Covid-Vac,Moderna - Spikevax,Pfizer BioNTech - Comirnaty,SII - Covishield,Sinovac - CoronaVac","6","87","73","65","39","9952789","5311967","53.371642863121","46.43","38.96","34.69","20.81","6.94","14.41","18.68","32.56","46.63"
"Thailand","THA","SEARO","2022-11-11 00:00:00","AstraZeneca - Vaxzevria,Beijing CNBG - BBIBP-CorV,Janssen - Ad26.COV 2-S,Moderna - Spikevax,Pfizer BioNTech - Comirnaty,SII - Covishield,SII - Covovax,Sinovac - CoronaVac","8","85","69","63","37","71697024","57005497","79.508874733769","67.58","54.86","50.09","29.42","11.93","24.65","29.42","50.09","20.49"
"The United Kingdom","GBR","EURO","2022-09-11 00:00:00","AstraZeneca - Vaxzevria,Moderna - Spikevax,Pfizer BioNTech - Comirnaty","3","95","80","72","43","67508936","53813491","79.713137531897","75.73","63.77","57.39","34.28","3.99","15.94","22.32","45.44","20.29"
"Timor-Leste","TLS","SEARO","2022-12-21 00:00:00","AstraZeneca - Vaxzevria,Pfizer BioNTech - Comirnaty,SII - Covishield,Sinovac - CoronaVac","4","83","65","63","35","1341298","882547","65.797980761919","54.61","42.77","41.45","23.03","11.19","23.03","24.35","42.77","34.20"
"Togo","TGO","AFRO","2022-12-18 00:00:00","SII - Covishield","1","94","63","71","36","8848700","2244456","25.364810650152","23.84","15.98","18.01","9.13","1.52","9.38","7.36","16.23","74.64"
"Tokelau","TKL","WPRO","2022-11-23 00:00:00","Pfizer BioNTech - Comirnaty","1","95","86","72","44","1893","2203","116.37612255679","110.56","100.08","83.79","51.21","5.82","16.29","32.59","65.17","-16.38"
"Tonga","TON","WPRO","2022-11-29 00:00:00","AstraZeneca - Vaxzevria,Pfizer BioNTech - Comirnaty","2","95","75","72","40","106867","91949","86.040592512188","81.74","64.53","61.95","34.42","4.30","21.51","24.09","51.62","13.96"
"Trinidad and Tobago","TTO","AMRO","2022-12-16 00:00:00","AstraZeneca - Vaxzevria,Beijing CNBG - BBIBP-CorV,Janssen - Ad26.COV 2-S,Pfizer BioNTech - Comirnaty,SII - Covishield","5","88","70","65","37","1531043","753588","49.220564020736","43.31","34.45","31.99","18.21","5.91","14.77","17.23","31.01","50.78"
"Tunisia","TUN","EMRO","2022-12-20 00:00:00","AstraZeneca - Vaxzevria,Beijing CNBG - BBIBP-CorV,Bharat - Covaxin,CanSino - Convidecia,Gamaleya - Gam-Covid-Vac,Gamaleya - Sputnik-Light,Janssen - Ad26.COV 2-S,Moderna - Spikevax,Pfizer BioNTech - Comirnaty,Sinovac - CoronaVac","10","82","74","60","38","12356116","7217571","58.412943031613","47.90","43.23","35.05","22.20","10.51","15.19","23.37","36.22","41.59"
"Turkey","TUR","EURO","2022-12-11 00:00:00","Pfizer BioNTech - Comirnaty, Sinovac - CoronaVac, Turkovac","3","48","44","36","23","85341248","57941051","67.893372030369","32.59","29.87","24.44","15.62","35.30","38.02","43.45","52.28","32.11"
"Turkmenistan","TKM","EURO","2022-09-04 00:00:00","Anhui ZL - Zifivax,AstraZeneca - Vaxzevria,Beijing CNBG - BBIBP-CorV,Gamaleya - Gam-Covid-Vac,RIBSP - QazVac,SRCVB - EpiVacCorona,Unknown Vaccine","7","37","31","27","16","6430777","3728004","57.971284029908","21.45","17.97","15.65","9.28","36.52","40.00","42.32","48.70","42.03"
"Turks and Caicos Islands","TCA","AMRO","2022-12-16 00:00:00","Pfizer BioNTech - Comirnaty","1","95","86","72","44","45726","32815","71.76442286664","68.18","61.72","51.67","31.58","3.59","10.05","20.09","40.19","28.24"
"Tuvalu","TUV","WPRO","2022-08-31 00:00:00","AstraZeneca - Vaxzevria","1","94","63","71","36","11335","9603","84.719894133216","79.64","53.37","60.15","30.50","5.08","31.35","24.57","54.22","15.28"
"Uganda","UGA","AFRO","2022-12-18 00:00:00","Janssen - Ad26.COV 2-S,Moderna - Spikevax,Pfizer BioNTech - Comirnaty,SII - Covishield,Sinovac - CoronaVac","5","84","72","62","37","47249588","18867075","39.93066563882","33.54","28.75","24.76","14.77","6.39","11.18","15.17","25.16","60.07"
"Ukraine","UKR","EURO","2022-02-27 00:00:00","AstraZeneca - Vaxzevria,Janssen - Ad26.COV 2-S,Moderna - Spikevax,Pfizer BioNTech - Comirnaty,SII - Covishield,Sinovac - CoronaVac","6","86","71","64","37","39701744","15774300","39.732007742531","34.17","28.21","25.43","14.70","5.56","11.52","14.30","25.03","60.27"
"United Arab Emirates","ARE","EMRO","2022-07-06 00:00:00","AstraZeneca - Vaxzevria,Beijing CNBG - BBIBP-CorV,Bharat - Covaxin,CanSino - Convidecia,Gamaleya - Gam-Covid-Vac,Gamaleya - Sputnik-Light,Janssen - Ad26.COV 2-S,Moderna - Spikevax,Pfizer BioNTech - Comirnaty,SII - Covishield,Sinovac - CoronaVac","11","83","73","61","38","9441138","9991089","105.82504990394","87.83","77.25","64.55","40.21","17.99","28.57","41.27","65.61","-5.83"
"United Republic of Tanzania","TZA","AFRO","2022-12-11 00:00:00","Beijing CNBG - BBIBP-CorV,Janssen - Ad26.COV 2-S,Pfizer BioNTech - Comirnaty","3","85","75","61","37","65497752","31191545","47.622313816205","40.48","35.72","29.05","17.62","7.14","11.91","18.57","30.00","52.38"
"United States of America","USA","AMRO","2022-12-16 00:00:00","Janssen - Ad26.COV 2-S,Moderna - Spikevax,Novavax-NUVAXOVID,Pfizer BioNTech - Comirnaty","4","70","63","51","31","338289856","269064626","79.536711263373","55.68","50.11","40.56","24.66","23.86","29.43","38.97","54.88","20.46"
"Uruguay","URY","AMRO","2022-12-16 00:00:00","AstraZeneca - Vaxzevria,Pfizer BioNTech - Comirnaty,Sinovac - CoronaVac","3","80","65","60","35","3422796","3005815","87.817532800669","70.25","57.08","52.69","30.74","17.56","30.74","35.13","57.08","12.18"
"Uzbekistan","UZB","EURO","2022-12-11 00:00:00","Anhui ZL - Zifivax,Gamaleya - Gam-Covid-Vac,Gamaleya - Sputnik-Light,Moderna - Spikevax,Pfizer BioNTech - Comirnaty,SII - Covishield,Sinovac - CoronaVac,Unknown Vaccine","8","65","58","48","30","34627648","21543755","62.215473023175","40.44","36.08","29.86","18.66","21.78","26.13","32.35","43.55","37.78"
"Vanuatu","VUT","WPRO","2022-08-28 00:00:00","AstraZeneca - Vaxzevria,Beijing CNBG - BBIBP-CorV,Janssen - Ad26.COV 2-S","3","84","68","60","35","326744","144824","44.323384668119","37.23","30.14","26.59","15.51","7.09","14.18","17.73","28.81","55.68"
"Venezuela (Bolivarian Republic of)","VEN","AMRO","2022-12-16 00:00:00","Beijing CNBG - BBIBP-CorV,CIGB - CIGB-66,Finlay - Soberana-02,Gamaleya - Gam-Covid-Vac,Gamaleya - Sputnik-Light,Sinovac - CoronaVac","6","51","48","37","25","28301700","22157232","78.289403110061","39.93","37.58","28.97","19.57","38.36","40.71","49.32","58.72","21.71"
"Viet Nam","VNM","WPRO","2022-12-15 00:00:00","AstraZeneca - Vaxzevria,Beijing CNBG - BBIBP-CorV,CIGB - CIGB-66,Gamaleya - Gam-Covid-Vac,Moderna - Spikevax,Pfizer BioNTech - Comirnaty","6","75","66","56","35","98186856","90454197","92.124547709319","69.09","60.80","51.59","32.24","23.03","31.32","40.53","59.88","7.88"
"Wallis and Futuna","WLF","WPRO","2022-07-26 00:00:00","Moderna - Spikevax","1","97","92","73","48","11596","7150","61.659192825112","59.81","56.73","45.01","29.60","1.85","4.93","16.65","32.06","38.34"
"Yemen","YEM","EMRO","2022-12-18 00:00:00","AstraZeneca - Vaxzevria,Beijing CNBG - BBIBP-CorV,Bharat - Covaxin,CanSino - Convidecia,Gamaleya - Gam-Covid-Vac,Gamaleya - Sputnik-Light,Janssen - Ad26.COV 2-S,Moderna - Spikevax,Pfizer BioNTech - Comirnaty,SII - Covishield,Sinovac - CoronaVac","11","83","73","61","38","33696612","1006274","2.9862764838198","2.48","2.18","1.82","1.13","0.51","0.81","1.16","1.85","97.01"
"Zambia","ZMB","AFRO","2022-12-18 00:00:00","Beijing CNBG - BBIBP-CorV,Janssen - Ad26.COV 2-S,SII - Covishield","3","84","68","60","35","20017670","10802844","53.966540561414","45.33","36.70","32.38","18.89","8.63","17.27","21.59","35.08","46.03"
"Zimbabwe","ZWE","AFRO","2022-11-13 00:00:00","Beijing CNBG - BBIBP-CorV,Bharat - Covaxin,Gamaleya - Gam-Covid-Vac,Sinovac - CoronaVac","4","73","69","54","35","16320539","6437808","39.446050158025","28.80","27.22","21.30","13.81","10.65","12.23","18.15","25.64","60.55"
